City_ID,City,Cloudiness,Country,Current Description,Humidity,Lat,Lng,Max Temp,Rain (inches),Snow (inches),Wind Speed
0,bengkulu,100,ID,overcast clouds,88,-3.8004,102.2655,75.74,0.0,0.0,3.02
1,barrow,90,US,haze,77,71.2906,-156.7887,-3.98,0.0,0.0,3.44
2,knin,97,HR,overcast clouds,93,44.0439,16.2,45.59,0.0,0.0,6.4
3,pacific grove,1,US,clear sky,68,36.6177,-121.9166,56.88,0.0,0.0,5.01
4,yenagoa,33,NG,scattered clouds,89,4.9247,6.2642,78.78,0.0,0.0,4.25
5,albany,88,US,overcast clouds,79,42.6001,-73.9662,37.31,0.0,0.0,2.77
6,ushuaia,75,AR,broken clouds,87,-54.8,-68.3,46.06,0.0,0.0,16.11
7,east london,96,ZA,overcast clouds,54,-33.0153,27.9116,79.02,0.0,0.0,11.65
8,adrar,97,MR,overcast clouds,14,20.5022,-10.0711,66.49,0.0,0.0,10.8
9,honningsvag,100,NO,overcast clouds,73,70.9821,25.9704,28.49,0.0,0.0,15.23
10,hithadhoo,99,MV,overcast clouds,75,-0.6,73.0833,81.21,0.0,0.0,8.66
11,cayenne,0,GF,clear sky,90,4.9333,-52.3333,79.09,0.0,0.0,2.3
12,somerset east,43,ZA,scattered clouds,63,-32.7217,25.588,69.91,0.0,0.0,10.11
13,carnarvon,0,AU,clear sky,60,-24.8667,113.6333,75.27,0.0,0.0,21.85
14,ternate,78,ID,broken clouds,81,0.8,127.4,82.74,0.0,0.0,6.58
15,calama,21,CL,few clouds,36,-22.4667,-68.9333,59.49,0.0,0.0,24.16
16,arlit,73,NE,broken clouds,12,18.7369,7.3853,65.91,0.0,0.0,7.94
17,tosya,81,TR,broken clouds,69,41.0155,34.0401,42.67,0.0,0.0,3.74
18,thompson,90,CA,light snow,85,55.7435,-97.8558,14.16,0.0,0.0,9.22
19,richards bay,34,ZA,scattered clouds,89,-28.783,32.0377,74.91,0.0,0.0,14.41
20,rikitea,67,PF,broken clouds,69,-23.1203,-134.9692,76.33,0.0,0.0,18.14
21,shakiso,40,ET,scattered clouds,39,5.75,38.9167,48.96,0.0,0.0,4.81
22,vilhena,82,BR,heavy intensity rain,95,-12.7406,-60.1458,71.08,4.21,4.21,2.26
23,ribeira brava,28,PT,scattered clouds,69,32.65,-17.0667,65.03,0.0,0.0,9.78
24,renukut,0,IN,clear sky,60,24.2,83.0333,54.45,0.0,0.0,2.77
25,airai,74,TL,broken clouds,71,-8.9266,125.4092,70.3,0.0,0.0,1.88
26,ocos,4,GT,clear sky,75,14.5094,-92.1933,86.5,0.0,0.0,5.61
27,bodden town,20,KY,few clouds,83,19.2833,-81.25,80.6,0.0,0.0,3.0
28,hobart,75,AU,broken clouds,62,-42.8794,147.3294,59.25,0.0,0.0,1.01
29,lorengau,100,PG,moderate rain,86,-2.0226,147.2712,81.73,2.3,2.3,16.87
30,jamestown,40,US,scattered clouds,79,42.097,-79.2353,46.04,0.0,0.0,1.99
31,bethel,1,US,clear sky,80,41.3712,-73.414,41.67,0.0,0.0,0.0
32,sechura,90,PE,overcast clouds,72,-5.5569,-80.8222,71.58,0.0,0.0,16.89
33,mataura,100,NZ,overcast clouds,83,-46.1927,168.8643,56.48,0.0,0.0,6.29
34,omsukchan,59,RU,broken clouds,77,62.5333,155.8,-23.78,0.0,0.0,2.93
35,hambantota,70,LK,broken clouds,86,6.1241,81.1185,76.32,0.0,0.0,13.56
36,gryazi,3,RU,clear sky,62,52.4966,39.9359,25.75,0.0,0.0,7.63
37,egvekinot,35,RU,scattered clouds,81,66.3167,-179.1667,-22.99,0.0,0.0,5.68
38,linxia,100,CN,overcast clouds,56,35.6003,103.2064,29.34,0.0,0.0,2.95
39,oriximina,67,BR,broken clouds,81,-1.7656,-55.8661,79.5,0.0,0.0,2.62
40,novyy yegorlyk,51,RU,broken clouds,76,46.3927,41.8716,37.85,0.0,0.0,7.67
41,khatanga,100,RU,overcast clouds,100,71.9667,102.5,-43.71,0.0,0.0,5.03
42,santa isabel,4,BR,clear sky,96,-23.3156,-46.2214,67.66,0.0,0.0,2.75
43,mildura,1,AU,clear sky,40,-34.2,142.15,71.08,0.0,0.0,6.91
44,rongcheng,5,CN,clear sky,77,30.634,117.8517,49.62,0.0,0.0,2.48
45,saint-philippe,92,RE,overcast clouds,74,-21.3585,55.7679,74.75,0.0,0.0,7.54
46,punta arenas,20,CL,few clouds,71,-53.15,-70.9167,51.91,0.0,0.0,13.8
47,codrington,58,AU,broken clouds,51,-38.2667,141.9667,63.99,0.0,0.0,10.89
48,hilo,75,US,broken clouds,32,19.7297,-155.09,78.53,0.0,0.0,9.22
49,hirara,20,JP,few clouds,64,24.8,125.2833,73.26,0.0,0.0,11.5
50,port alfred,91,ZA,overcast clouds,70,-33.5906,26.891,74.21,0.0,0.0,7.02
51,cape town,75,ZA,broken clouds,84,-33.9258,18.4232,63.12,0.0,0.0,12.66
52,dunedin,100,NZ,overcast clouds,70,-45.8742,170.5036,59.81,0.0,0.0,4.0
53,bandarbeyla,4,SO,clear sky,78,9.4942,50.8122,74.98,0.0,0.0,17.13
54,iqaluit,75,CA,light snow,72,63.7506,-68.5145,2.93,0.0,0.0,10.36
55,salym,99,RU,overcast clouds,89,60.0625,71.4789,11.05,0.0,0.0,11.21
56,dikson,100,RU,overcast clouds,81,73.5069,80.5464,-14.66,0.0,0.0,3.11
57,arraial do cabo,51,BR,broken clouds,79,-22.9661,-42.0278,72.99,0.0,0.0,5.77
58,bluff,100,NZ,overcast clouds,70,-46.6,168.3333,56.8,0.0,0.0,12.71
59,hermanus,31,ZA,scattered clouds,86,-34.4187,19.2345,63.81,0.0,0.0,10.6
60,cherskiy,100,RU,overcast clouds,97,68.75,161.3,-31.29,0.0,0.0,3.67
61,tocopilla,24,CL,few clouds,66,-22.092,-70.1979,64.94,0.0,0.0,4.21
62,kaitangata,100,NZ,overcast clouds,82,-46.2817,169.8464,56.93,0.0,0.0,12.1
63,pevek,100,RU,overcast clouds,96,69.7008,170.3133,-29.16,0.0,0.0,2.91
64,kloulklubed,65,PW,broken clouds,78,7.0419,134.2556,84.7,0.0,0.0,7.85
65,pozzallo,100,IT,light rain,88,36.7305,14.8499,56.05,0.34,0.34,30.87
66,puerto ayora,79,EC,broken clouds,90,-0.7393,-90.3518,69.03,0.0,0.0,10.51
67,ponta do sol,30,PT,scattered clouds,67,32.6667,-17.1,65.03,0.0,0.0,8.57
68,lagoa,4,PT,clear sky,79,39.05,-27.9833,63.3,0.0,0.0,17.27
69,tuktoyaktuk,75,CA,broken clouds,77,69.4541,-133.0374,-11.2,0.0,0.0,5.75
70,indramayu,100,ID,overcast clouds,81,-6.3264,108.32,79.65,0.0,0.0,8.55
71,alofi,58,NU,light rain,65,-19.0595,-169.9187,84.09,0.62,0.62,9.22
72,kapaa,90,US,moderate rain,84,22.0752,-159.319,80.58,1.27,1.27,1.01
73,yellowknife,20,CA,few clouds,87,62.456,-114.3525,-10.59,0.0,0.0,10.36
74,alpena,75,US,broken clouds,96,45.0617,-83.4327,37.54,0.0,0.0,3.0
75,lanzhou,100,CN,overcast clouds,62,36.0564,103.7922,27.68,0.0,0.0,3.69
76,seminole,1,US,clear sky,86,28.7086,-81.2081,76.62,0.0,0.0,6.91
77,bissendorf,28,DE,scattered clouds,95,52.2333,8.1667,33.08,0.0,0.0,1.88
78,kushmurun,100,KZ,overcast clouds,85,52.4503,64.6311,12.2,0.0,0.0,4.16
79,beyneu,100,KZ,overcast clouds,96,45.3167,55.2,36.88,0.0,0.0,18.92
80,lebu,47,CL,scattered clouds,92,-37.6167,-73.65,55.69,0.0,0.0,8.81
81,college,90,US,light snow,82,64.8569,-147.8028,10.35,0.0,0.0,3.44
82,mangaratiba,68,BR,broken clouds,81,-22.9597,-44.0406,75.02,0.0,0.0,1.83
83,kruisfontein,18,ZA,light rain,95,-34.0033,24.7314,67.89,0.11,0.11,8.41
84,pangnirtung,60,CA,broken clouds,89,66.1451,-65.7125,-11.78,0.0,0.0,4.61
85,san ignacio,75,BZ,broken clouds,83,17.1561,-89.0714,78.94,0.0,0.0,0.0
86,praia da vitoria,40,PT,scattered clouds,94,38.7333,-27.0667,63.75,0.0,0.0,10.85
87,yar-sale,100,RU,light snow,94,66.8333,70.8333,11.52,0.0,0.0,15.14
88,lompoc,1,US,clear sky,62,34.6391,-120.4579,62.91,0.0,0.0,8.05
89,erdenet,7,MN,clear sky,52,49.0333,104.0833,4.95,0.0,0.0,4.32
90,kalga,51,RU,broken clouds,94,50.9251,118.898,-2.11,0.0,0.0,3.56
91,burnie,96,AU,overcast clouds,54,-41.0667,145.9167,61.0,0.0,0.0,9.22
92,mar del plata,100,AR,overcast clouds,89,-38.0023,-57.5575,69.1,0.0,0.0,4.0
93,tiksi,100,RU,overcast clouds,90,71.6872,128.8694,-4.02,0.0,0.0,10.25
94,sitka,90,US,light rain,86,57.0531,-135.33,33.69,0.51,0.51,5.75
95,los llanos de aridane,75,ES,broken clouds,71,28.6585,-17.9182,62.35,0.0,0.0,15.01
96,ostrovnoy,100,RU,overcast clouds,75,68.0531,39.5131,21.63,0.0,0.0,28.27
97,saint george,1,US,clear sky,28,37.1041,-113.5841,44.64,0.0,0.0,5.99
98,rosarito,84,MX,broken clouds,64,32.3333,-117.0333,61.92,0.0,0.0,4.47
99,provideniya,5,RU,clear sky,87,64.3833,-173.3,-7.65,0.0,0.0,10.33
100,mayo,90,US,overcast clouds,81,38.8876,-76.5119,51.12,0.0,0.0,1.01
101,vaini,40,TO,scattered clouds,79,-21.2,-175.2,86.16,0.0,0.0,9.22
102,eureka,93,US,overcast clouds,72,40.8021,-124.1637,50.94,0.0,0.0,2.3
103,cabo san lucas,40,MX,scattered clouds,62,22.8909,-109.9124,78.1,0.0,0.0,5.99
104,qaqortoq,100,GL,overcast clouds,80,60.7167,-46.0333,28.9,0.0,0.0,2.57
105,odweyne,56,SO,broken clouds,66,9.4092,45.064,60.37,0.0,0.0,13.65
106,busselton,56,AU,broken clouds,71,-33.65,115.3333,63.05,0.0,0.0,6.24
107,victoria,83,HK,broken clouds,75,22.2855,114.1577,70.25,0.0,0.0,1.99
108,ueki,20,JP,few clouds,71,32.9,130.6833,56.53,0.0,0.0,3.44
109,asau,100,RO,overcast clouds,87,46.4333,26.4,40.39,0.0,0.0,3.94
110,tasiilaq,100,GL,overcast clouds,78,65.6145,-37.6368,33.96,0.0,0.0,13.24
111,kendari,74,ID,broken clouds,73,-3.945,122.4989,83.12,0.0,0.0,4.18
112,namatanai,97,PG,light rain,69,-3.6667,152.4333,85.46,0.1,0.1,7.05
113,meulaboh,93,ID,overcast clouds,87,4.1363,96.1285,76.96,0.0,0.0,2.98
114,havelock,98,US,overcast clouds,90,34.8791,-76.9013,67.98,0.0,0.0,3.0
115,hofn,76,IS,broken clouds,77,64.2539,-15.2082,37.02,0.0,0.0,8.46
116,coahuayana,24,MX,few clouds,69,18.7333,-103.6833,89.08,0.0,0.0,4.43
117,wakkanai,75,JP,moderate rain,76,45.4094,141.6739,44.58,1.15,1.15,12.66
118,hasaki,0,JP,clear sky,58,35.7333,140.8333,45.0,0.0,0.0,6.4
119,ruwi,49,OM,scattered clouds,63,23.5996,58.5507,68.86,0.0,0.0,3.91
120,bang saphan,59,TH,broken clouds,79,11.2126,99.5117,78.75,0.0,0.0,3.94
121,meadow lake,44,US,scattered clouds,36,34.8014,-106.5436,39.96,0.0,0.0,31.07
122,upernavik,39,GL,scattered clouds,90,72.7868,-56.1549,-1.88,0.0,0.0,9.98
123,christchurch,75,NZ,broken clouds,83,-43.5333,172.6333,64.6,0.0,0.0,4.0
124,chuy,74,UY,broken clouds,83,-33.6971,-53.4616,61.0,0.0,0.0,5.82
125,fortuna,86,US,overcast clouds,71,40.5982,-124.1573,50.67,0.0,0.0,1.99
126,bambous virieux,40,MU,scattered clouds,83,-20.3428,57.7575,74.21,0.0,0.0,4.61
127,buala,100,SB,moderate rain,81,-8.145,159.5921,83.21,1.6,1.6,9.84
128,sterling,90,US,overcast clouds,72,39.0062,-77.4286,50.97,0.0,0.0,1.01
129,bonavista,90,CA,overcast clouds,69,48.6499,-53.1147,24.12,0.0,0.0,18.39
130,okhotsk,48,RU,scattered clouds,86,59.3833,143.3,-12.14,0.0,0.0,10.07
131,banda aceh,81,ID,broken clouds,86,5.5577,95.3222,77.76,0.0,0.0,11.25
132,ankang,100,CN,overcast clouds,90,32.68,109.0172,46.18,0.0,0.0,3.11
133,goma,93,CD,overcast clouds,89,-1.6792,29.2228,62.91,0.0,0.0,2.73
134,bahir dar,0,ET,clear sky,29,11.5936,37.3908,56.19,0.0,0.0,4.07
135,taos,1,US,clear sky,47,36.4072,-105.5731,23.4,0.0,0.0,13.0
136,tazovskiy,100,RU,light snow,95,67.4667,78.7,1.89,0.0,0.0,18.97
137,ahipara,82,NZ,light rain,70,-35.1667,173.1667,75.16,0.77,0.77,9.69
138,glace bay,20,CA,few clouds,88,46.1969,-59.957,22.59,0.0,0.0,5.01
139,anadyr,40,RU,mist,75,64.75,177.4833,-14.01,0.0,0.0,8.01
140,matay,100,EG,overcast clouds,45,28.419,30.7792,60.71,0.0,0.0,4.27
141,vao,96,NC,overcast clouds,85,-22.6667,167.4833,78.62,0.0,0.0,15.41
142,takoradi,8,GH,clear sky,85,4.8845,-1.7554,79.56,0.0,0.0,7.49
143,tottori,75,JP,broken clouds,81,35.5,134.2333,50.07,0.0,0.0,6.91
144,coihaique,75,CL,broken clouds,37,-45.5752,-72.0662,67.95,0.0,0.0,6.91
145,agadez,98,NE,overcast clouds,13,19.75,10.25,60.44,0.0,0.0,7.52
146,camacha,40,PT,scattered clouds,59,33.0833,-16.3333,62.02,0.0,0.0,13.8
147,tumut,62,AU,broken clouds,59,-35.3,148.2167,68.99,0.0,0.0,3.02
148,charlestown,89,AU,overcast clouds,61,-32.95,151.6667,70.02,0.0,0.0,13.0
149,port hedland,40,AU,scattered clouds,79,-20.3167,118.5667,84.25,0.0,0.0,8.05
150,gualaquiza,73,EC,light rain,99,-3.4,-78.55,65.88,0.97,0.97,1.92
151,lahat,100,ID,overcast clouds,96,-3.8,103.5333,73.11,0.0,0.0,1.12
152,longonjo,97,AO,overcast clouds,92,-12.9067,15.2533,64.26,0.0,0.0,2.62
153,ribeira grande,3,PT,clear sky,76,38.5167,-28.7,64.09,0.0,0.0,13.89
154,butaritari,88,KI,overcast clouds,76,3.0707,172.7902,82.76,0.0,0.0,12.06
155,volgorechensk,25,RU,scattered clouds,97,57.4393,41.1555,-9.71,0.0,0.0,6.71
156,ixtapa,75,MX,broken clouds,69,20.7,-105.2,79.83,0.0,0.0,6.91
157,eydhafushi,56,MV,broken clouds,76,5.1033,73.0708,82.94,0.0,0.0,16.73
158,mount isa,0,AU,clear sky,9,-20.7333,139.5,87.57,0.0,0.0,9.22
159,pochutla,35,MX,scattered clouds,78,15.7432,-96.4661,82.22,0.0,0.0,5.79
160,gamba,99,GA,light rain,89,-2.65,10.0,77.02,0.19,0.19,3.98
161,hervey bay,1,AU,clear sky,47,-25.2986,152.8535,85.01,0.0,0.0,5.01
162,pisco,90,PE,overcast clouds,83,-13.7,-76.2167,68.05,0.0,0.0,17.27
163,kodiak,1,US,clear sky,50,57.79,-152.4072,27.91,0.0,0.0,26.46
164,poya,90,NC,overcast clouds,56,-21.35,165.15,88.68,0.0,0.0,2.66
165,yurino,22,RU,few clouds,94,56.2942,46.3039,0.72,0.0,0.0,5.7
166,bredasdorp,48,ZA,scattered clouds,82,-34.5322,20.0403,63.72,0.0,0.0,10.36
167,nushki,5,PK,clear sky,15,29.5542,66.0215,47.71,0.0,0.0,2.08
168,falavarjan,58,IR,broken clouds,36,32.5553,51.5097,27.61,0.0,0.0,1.63
169,tignoan,75,PH,broken clouds,85,14.5647,121.6197,83.75,0.0,0.0,17.52
170,qaanaaq,67,GL,broken clouds,76,77.484,-69.3632,-3.66,0.0,0.0,6.73
171,nikolskoye,100,RU,overcast clouds,82,59.7035,30.7861,19.29,0.0,0.0,10.96
172,isla vista,1,US,clear sky,57,34.4133,-119.861,62.67,0.0,0.0,4.61
173,revelstoke,90,CA,light snow,86,50.9832,-118.2023,30.22,0.0,0.0,24.16
174,santiago del estero,37,AR,scattered clouds,41,-27.7951,-64.2615,76.8,0.0,0.0,16.96
175,aklavik,75,CA,broken clouds,85,68.2191,-135.0107,-0.4,0.0,0.0,11.5
176,mizan teferi,29,ET,scattered clouds,54,6.9833,35.5833,63.36,0.0,0.0,3.24
177,kalabo,99,ZM,overcast clouds,80,-14.97,22.6814,71.02,0.0,0.0,3.06
178,yulara,0,AU,clear sky,13,-25.2406,130.9889,84.04,0.0,0.0,8.05
179,jurm,2,AF,clear sky,20,36.8648,70.8342,35.89,0.0,0.0,5.61
180,muriti,99,TZ,overcast clouds,66,-1.9833,32.9167,75.06,0.0,0.0,5.7
181,torbay,20,CA,few clouds,74,47.6666,-52.7314,23.68,0.0,0.0,20.71
182,portland,90,US,light rain,87,45.5234,-122.6762,47.44,0.18,0.18,3.0
183,marawi,99,PH,overcast clouds,85,7.9986,124.2928,70.65,0.0,0.0,1.3
184,kuryk,81,KZ,broken clouds,82,43.2,51.65,45.91,0.0,0.0,12.64
185,brainerd,90,US,overcast clouds,74,46.358,-94.2008,27.23,0.0,0.0,0.0
186,severo-kurilsk,63,RU,broken clouds,87,50.6789,156.125,34.45,0.0,0.0,4.9
187,castro,0,BR,clear sky,64,-24.7911,-50.0119,61.45,0.0,0.0,4.32
188,tessalit,100,ML,overcast clouds,9,20.1986,1.0114,68.45,0.0,0.0,9.31
189,bluefield,90,US,overcast clouds,92,37.2698,-81.2223,57.76,0.0,0.0,4.61
190,saint anthony,90,US,snow,93,45.0205,-93.218,30.24,0.0,0.0,3.0
191,hovd,1,MN,clear sky,61,48.0056,91.6419,5.97,0.0,0.0,0.94
192,saint-pierre,0,RE,clear sky,63,-21.3393,55.4781,74.84,0.0,0.0,5.75
193,souillac,40,MU,scattered clouds,83,-20.5167,57.5167,74.35,0.0,0.0,4.61
194,kalengwa,37,ZM,scattered clouds,64,-13.4659,25.0027,67.87,0.0,0.0,2.48
195,amahai,86,ID,overcast clouds,68,-3.3333,128.9167,84.47,0.0,0.0,2.04
196,vanimo,100,PG,overcast clouds,69,-2.6741,141.3028,85.5,0.0,0.0,7.07
197,mongo,31,TD,scattered clouds,18,12.1844,18.693,74.66,0.0,0.0,7.4
198,chapais,100,CA,overcast clouds,94,49.7834,-74.8492,19.18,0.0,0.0,7.52
199,todi,100,IT,light rain,60,42.7799,12.4046,42.22,0.42,0.42,3.49
200,terrace,90,CA,light snow,100,54.5163,-128.6035,33.71,5.98,5.98,10.36
201,avera,98,US,overcast clouds,95,33.194,-82.5271,58.66,0.0,0.0,4.41
202,sao filipe,57,CV,broken clouds,69,14.8961,-24.4956,74.71,0.0,0.0,10.38
203,faya,5,SA,clear sky,37,18.3851,42.4509,45.12,0.0,0.0,6.42
204,milkovo,100,RU,overcast clouds,93,54.7167,158.6167,14.72,0.0,0.0,0.72
205,ulaanbaatar,40,MN,scattered clouds,76,47.9077,106.8832,-14.67,0.0,0.0,4.47
206,carnot,84,CF,broken clouds,34,4.9409,15.8665,72.73,0.0,0.0,0.78
207,new norfolk,89,AU,overcast clouds,56,-42.7826,147.0587,58.91,0.0,0.0,1.99
208,apomu,52,NG,broken clouds,92,7.3333,4.1833,71.29,0.0,0.0,1.66
209,hornepayne,94,CA,overcast clouds,94,49.2138,-84.7705,22.93,0.0,0.0,5.14
210,clyde river,40,CA,scattered clouds,77,70.4692,-68.5914,-10.97,0.0,0.0,11.5
211,montgomery,90,US,overcast clouds,69,39.1501,-77.1997,49.86,0.0,0.0,1.99
212,port elizabeth,90,ZA,mist,100,-33.918,25.5701,70.11,0.0,0.0,11.5
213,bar harbor,90,US,overcast clouds,90,44.3876,-68.2039,27.91,0.0,0.0,4.61
214,makakilo city,90,US,overcast clouds,67,21.3469,-158.0858,80.92,0.0,0.0,11.5
215,itapirapua,99,BR,overcast clouds,72,-15.8233,-50.6133,78.12,0.0,0.0,1.36
216,monterey,0,US,clear sky,46,36.2505,-121.2516,51.57,0.0,0.0,7.63
217,cervo,100,ES,overcast clouds,82,43.6702,-7.4101,54.97,0.0,0.0,10.45
218,springfield,20,US,light rain,80,37.2153,-93.2982,71.62,0.14,0.14,11.99
219,port lincoln,22,AU,few clouds,67,-34.7333,135.8667,64.42,0.0,0.0,12.3
220,turayf,0,SA,clear sky,81,31.6725,38.6637,46.65,0.0,0.0,13.8
221,yei,82,SS,broken clouds,56,4.095,30.6779,74.5,0.0,0.0,0.78
222,kaeo,94,NZ,overcast clouds,87,-35.1,173.7833,74.32,0.0,0.0,9.42
223,rio gallegos,0,AR,clear sky,62,-51.6226,-69.2181,55.45,0.0,0.0,5.75
224,ritchie,100,ZA,overcast clouds,75,-29.038,24.6028,63.61,0.0,0.0,15.12
225,naze,37,JP,scattered clouds,56,28.3667,129.4833,67.12,0.0,0.0,5.17
226,gat,98,IL,overcast clouds,44,31.61,34.7642,63.09,0.0,0.0,3.94
227,oranjestad,20,AW,few clouds,83,12.524,-70.027,80.55,0.0,0.0,4.0
228,warwick,20,US,few clouds,86,41.7001,-71.4162,45.34,0.0,0.0,3.44
229,kang,100,BW,overcast clouds,59,-23.6752,22.7876,73.74,0.0,0.0,8.23
230,touros,3,BR,clear sky,77,-5.1989,-35.4608,81.5,0.0,0.0,15.37
231,jalu,13,LY,few clouds,32,29.0331,21.5482,53.49,0.0,0.0,5.5
232,snezhnogorsk,100,RU,overcast clouds,76,69.1933,33.2531,22.78,0.0,0.0,11.43
233,olafsvik,96,IS,overcast clouds,69,64.8945,-23.7142,36.66,0.0,0.0,20.2
234,plouzane,75,FR,broken clouds,84,48.3833,-4.6167,48.25,0.0,0.0,5.75
235,bairnsdale,88,AU,overcast clouds,65,-37.8333,147.6167,65.05,0.0,0.0,5.01
236,elat,0,IL,clear sky,59,29.5581,34.9482,60.64,0.0,0.0,3.44
237,santiago,0,CL,clear sky,51,-33.4569,-70.6483,71.17,0.0,0.0,5.75
238,karoi,23,ZW,few clouds,44,-16.8099,29.6925,67.06,0.0,0.0,5.68
239,norman wells,75,CA,broken clouds,78,65.282,-126.8329,-0.36,0.0,0.0,2.3
240,qinggang,100,CN,overcast clouds,88,46.6833,126.0833,15.39,0.0,0.0,3.76
241,sur,7,OM,clear sky,61,22.5667,59.5289,69.84,0.0,0.0,2.62
242,daru,95,PG,overcast clouds,87,-9.0763,143.2092,80.53,0.0,0.0,7.76
243,chulman,99,RU,overcast clouds,98,56.8479,124.9104,-17.3,0.0,0.0,1.43
244,bend,20,US,few clouds,65,44.0582,-121.3153,39.06,0.0,0.0,5.99
245,roanoke rapids,90,US,mist,100,36.4615,-77.6542,53.35,0.0,0.0,0.0
246,lagos,45,NG,scattered clouds,85,6.5833,3.75,80.92,0.0,0.0,1.88
247,faanui,16,PF,light rain,76,-16.4833,-151.75,80.92,0.13,0.13,13.65
248,calbuco,83,CL,broken clouds,76,-41.768,-73.1273,58.12,0.0,0.0,8.66
249,nemuro,100,JP,overcast clouds,80,43.3236,145.575,34.23,0.0,0.0,5.3
250,oneonta,83,US,broken clouds,87,42.4529,-75.0638,36.28,0.0,0.0,3.76
251,glenwood springs,99,US,overcast clouds,90,39.5505,-107.3248,21.0,0.0,0.0,5.1
252,lavrentiya,22,RU,few clouds,86,65.5833,-171.0,-13.65,0.0,0.0,7.87
253,sao joao da barra,59,BR,broken clouds,84,-21.6403,-41.0511,73.69,0.0,0.0,9.13
254,half moon bay,1,US,clear sky,52,37.4636,-122.4286,57.87,0.0,0.0,8.05
255,vestmannaeyjar,100,IS,overcast clouds,84,63.4427,-20.2734,41.27,0.0,0.0,37.92
256,samarai,96,PG,light rain,71,-10.6167,150.6667,85.66,0.18,0.18,16.06
257,baruun-urt,100,MN,overcast clouds,72,46.6806,113.2792,10.38,0.0,0.0,3.69
258,kuytun,98,RU,overcast clouds,92,54.3419,101.5036,4.28,0.0,0.0,6.53
259,tuatapere,100,NZ,overcast clouds,81,-46.1333,167.6833,56.82,0.0,0.0,9.22
260,shingu,2,JP,clear sky,69,33.7333,135.9833,56.39,0.0,0.0,4.05
261,kosikha,81,RU,broken clouds,87,53.3617,84.5822,14.77,0.0,0.0,5.82
262,esperance,3,AU,clear sky,68,-33.8667,121.9,66.85,0.0,0.0,14.72
263,port keats,71,AU,broken clouds,66,-14.25,129.55,85.68,0.0,0.0,4.27
264,sao geraldo do araguaia,100,BR,overcast clouds,94,-6.4006,-48.555,74.32,0.0,0.0,2.06
265,copalau,100,RO,light rain,97,47.6167,26.8333,49.71,0.18,0.18,2.19
266,ilulissat,100,GL,overcast clouds,39,69.2167,-51.1,24.82,0.0,0.0,5.75
267,georgetown,20,MY,few clouds,88,5.4112,100.3354,78.89,0.0,0.0,0.0
268,port augusta,2,AU,clear sky,23,-32.5,137.7667,80.71,0.0,0.0,4.16
269,broken hill,1,AU,clear sky,29,-31.95,141.4333,71.26,0.0,0.0,8.34
270,bukachacha,60,RU,broken clouds,96,52.9833,116.9167,-7.29,0.0,0.0,2.21
271,kununurra,99,AU,overcast clouds,62,-15.7667,128.7333,91.38,0.0,0.0,3.44
272,yokadouma,95,CM,overcast clouds,51,3.5167,15.05,69.98,0.0,0.0,1.57
273,nome,1,US,clear sky,60,64.5011,-165.4064,-2.13,0.0,0.0,5.75
274,talara,76,PE,broken clouds,87,-4.5772,-81.2719,67.84,0.0,0.0,12.75
275,yatou,100,CN,overcast clouds,72,37.15,122.3833,43.63,0.0,0.0,6.4
276,suyo,60,PH,broken clouds,62,16.9762,120.5254,80.96,0.0,0.0,1.39
277,teya,100,RU,light snow,96,60.3778,92.6267,1.53,0.0,0.0,6.13
278,taoudenni,24,ML,few clouds,27,22.6783,-3.9836,62.78,0.0,0.0,11.34
279,sambava,95,MG,overcast clouds,75,-14.2667,50.1667,75.65,0.0,0.0,6.33
280,polunochnoye,4,RU,clear sky,77,60.8697,60.4153,9.46,0.0,0.0,9.73
281,venta,100,LT,light snow,98,56.2,22.7,34.48,0.0,0.0,9.69
282,korla,0,CN,clear sky,68,41.7597,86.1469,20.75,0.0,0.0,2.95
283,cowra,82,AU,broken clouds,50,-33.8333,148.6833,70.27,0.0,0.0,11.36
284,imamoglu,82,TR,broken clouds,68,37.2651,35.6572,54.63,0.0,0.0,5.66
285,avarua,40,CK,light rain,78,-21.2078,-159.775,80.65,0.12,0.12,10.36
286,bontang,91,ID,overcast clouds,91,0.1333,117.5,77.74,0.0,0.0,8.55
287,tokur,99,RU,overcast clouds,100,53.1333,132.9,-9.49,0.0,0.0,2.3
288,franklin,90,US,light rain,88,39.9667,-83.0166,56.03,1.0,1.0,1.99
289,abbeville,14,FR,few clouds,84,50.1,1.8333,41.68,0.0,0.0,11.61
290,zaozerne,100,UA,overcast clouds,65,45.1582,33.2787,59.95,0.0,0.0,10.92
291,talnakh,99,RU,overcast clouds,97,69.4865,88.3972,-14.8,0.0,0.0,7.27
292,manokwari,96,ID,overcast clouds,70,-0.8667,134.0833,82.81,0.0,0.0,1.48
293,pinhao,2,BR,clear sky,60,-25.6956,-51.6597,62.01,0.0,0.0,0.89
294,belyy yar,0,RU,clear sky,87,53.6039,91.3903,7.86,0.0,0.0,0.0
295,beloha,34,MG,scattered clouds,75,-25.1667,45.05,75.96,0.0,0.0,5.88
296,waitara,100,NZ,overcast clouds,81,-38.925,174.25,73.72,0.0,0.0,12.77
297,ubrique,94,ES,overcast clouds,94,36.6778,-5.446,55.9,0.0,0.0,3.69
298,caluquembe,91,AO,moderate rain,98,-13.7833,14.6833,60.82,1.13,1.13,3.89
299,atar,80,MR,broken clouds,13,20.5169,-13.0499,66.87,0.0,0.0,9.98
300,mbandaka,72,CD,broken clouds,81,0.0487,18.2603,74.46,0.0,0.0,2.1
301,nanortalik,100,GL,overcast clouds,74,60.1432,-45.2371,27.99,0.0,0.0,12.88
302,wuchang,98,CN,overcast clouds,94,44.9143,127.15,18.9,0.0,0.0,2.59
303,rio cuarto,40,AR,scattered clouds,78,-33.1307,-64.3499,71.37,0.0,0.0,8.05
304,leo,89,BF,overcast clouds,15,11.1,-2.1,70.38,0.0,0.0,7.49
305,nyurba,100,RU,overcast clouds,98,63.2842,118.3319,-4.04,0.0,0.0,4.38
306,gashua,8,NG,clear sky,13,12.871,11.0482,67.55,0.0,0.0,10.09
307,hami,11,CN,few clouds,51,42.8,93.45,23.36,0.0,0.0,4.25
308,contamana,96,PE,overcast clouds,83,-7.3333,-75.0167,76.86,0.0,0.0,2.62
309,atuona,45,PF,scattered clouds,72,-9.8,-139.0333,78.71,0.0,0.0,14.27
310,bulungu,96,CD,overcast clouds,95,-4.55,18.6,72.36,0.0,0.0,1.03
311,luanda,75,AO,broken clouds,85,-8.8368,13.2343,78.13,0.0,0.0,7.87
312,chimbote,92,PE,overcast clouds,81,-9.0853,-78.5783,68.13,0.0,0.0,8.01
313,mineros,77,BO,broken clouds,67,-17.1167,-63.2333,83.79,0.0,0.0,3.94
314,zitiste,80,RS,broken clouds,95,45.485,20.5497,40.24,0.0,0.0,5.59
315,nantucket,20,US,few clouds,87,41.2835,-70.0995,48.15,0.0,0.0,6.91
316,birin,0,NP,clear sky,70,26.8865,88.0718,45.3,0.0,0.0,4.61
317,bahraich,0,IN,clear sky,67,27.5833,81.6,55.09,0.0,0.0,6.11
318,saint-augustin,17,CA,few clouds,50,51.226,-58.6502,18.28,0.0,0.0,9.28
319,kamir,4,PK,clear sky,29,30.4333,73.05,54.48,0.0,0.0,2.68
320,padang,100,ID,overcast clouds,88,-0.9492,100.3543,77.05,0.0,0.0,3.09
321,plastun,95,RU,overcast clouds,74,44.7561,136.2939,35.58,0.0,0.0,7.11
322,saskylakh,100,RU,overcast clouds,97,71.9167,114.0833,-15.2,0.0,0.0,8.84
323,northam,35,GB,scattered clouds,75,51.0333,-4.2167,47.61,0.0,0.0,11.7
324,mahebourg,40,MU,scattered clouds,83,-20.4081,57.7,74.25,0.0,0.0,4.61
325,swan hill,0,AU,clear sky,38,-35.3378,143.5544,69.71,0.0,0.0,7.31
326,westfield,1,US,clear sky,86,42.1251,-72.7495,37.76,0.0,0.0,0.0
327,geraldton,75,AU,broken clouds,60,-28.7667,114.6,73.81,0.0,0.0,13.8
328,barga,100,IT,overcast clouds,78,44.0742,10.4808,41.99,0.0,0.0,8.48
329,najran,0,SA,clear sky,44,17.4924,44.1277,47.05,0.0,0.0,1.45
330,vwawa,66,TZ,broken clouds,73,-9.1167,32.9333,63.57,0.0,0.0,2.44
331,oda,87,JP,overcast clouds,81,35.1833,132.5,47.17,0.0,0.0,6.42
332,leningradskiy,94,RU,overcast clouds,83,69.3833,178.4167,-21.32,0.0,0.0,16.37
333,tura,0,IN,clear sky,56,25.5198,90.2201,58.66,0.0,0.0,3.09
334,flagstaff,1,US,clear sky,70,35.1981,-111.6513,35.78,0.0,0.0,1.01
335,kichera,95,RU,overcast clouds,82,55.9375,110.0997,-3.32,0.0,0.0,5.75
336,north bend,90,US,overcast clouds,92,43.4065,-124.2243,48.85,0.0,0.0,6.91
337,namibe,20,AO,few clouds,73,-15.1961,12.1522,70.84,0.0,0.0,5.12
338,atasu,86,KZ,overcast clouds,65,48.6814,71.6433,15.51,0.0,0.0,10.42
339,kholodnyy,76,RU,broken clouds,99,62.7167,147.95,-45.78,0.0,0.0,0.16
340,westerland,100,DE,overcast clouds,100,54.9079,8.3033,34.02,0.0,0.0,3.44
341,hamilton,90,US,mist,96,39.1834,-84.5333,58.41,0.0,0.0,1.99
342,nuuk,20,GL,few clouds,80,64.1835,-51.7216,23.61,0.0,0.0,8.05
343,chifeng,69,CN,broken clouds,54,42.2683,118.9636,29.41,0.0,0.0,5.66
344,west wendover,1,US,clear sky,43,40.7391,-114.0733,31.21,0.0,0.0,12.66
345,kysyl-syr,100,RU,overcast clouds,99,63.8986,122.7617,-4.68,0.0,0.0,3.98
346,aykhal,100,RU,overcast clouds,98,66.0,111.5,-21.53,0.0,0.0,9.06
347,pasni,59,PK,broken clouds,63,25.2631,63.471,68.79,0.0,0.0,6.76
348,waddan,15,LY,few clouds,43,29.1614,16.139,50.4,0.0,0.0,5.03
349,alihe,100,CN,overcast clouds,96,50.5667,123.7167,9.12,0.0,0.0,2.68
350,teeli,6,RU,clear sky,80,51.0333,90.2333,-2.97,0.0,0.0,1.36
351,sal rei,67,CV,broken clouds,70,16.1833,-22.9167,70.36,0.0,0.0,19.01
352,almaznyy,49,RU,scattered clouds,84,48.0448,40.045,33.94,0.0,0.0,7.81
353,tayu,100,ID,overcast clouds,87,-6.5397,111.0518,79.23,0.0,0.0,3.76
354,sala consilina,100,IT,light rain,94,40.3912,15.5989,47.39,0.17,0.17,11.27
355,oussouye,100,SN,overcast clouds,59,12.485,-16.5469,71.78,0.0,0.0,4.94
356,fairbanks,90,US,mist,82,64.8378,-147.7164,11.1,0.0,0.0,3.44
357,xifeng,96,CN,overcast clouds,82,42.7372,124.7222,29.98,0.0,0.0,1.5
358,hay river,20,CA,few clouds,84,60.8156,-115.7999,-2.22,0.0,0.0,2.3
359,ancud,89,CL,overcast clouds,87,-41.8697,-73.8203,58.53,0.0,0.0,7.61
360,alyangula,40,AU,scattered clouds,74,-13.8483,136.4192,87.67,0.0,0.0,5.75
361,shimoda,43,JP,scattered clouds,69,34.6667,138.95,57.56,0.0,0.0,4.45
362,mogadishu,65,SO,broken clouds,78,2.0371,45.3438,77.77,0.0,0.0,17.65
363,vostok,100,RU,light snow,96,46.4856,135.8833,26.22,0.0,0.0,3.31
364,ouallam,54,NE,broken clouds,13,14.3188,2.0866,71.85,0.0,0.0,9.55
365,troitsk,100,RU,overcast clouds,88,54.0979,61.5773,14.47,0.0,0.0,8.28
366,ponta delgada,40,PT,scattered clouds,94,37.7333,-25.6667,63.5,0.0,0.0,6.91
367,pandamatenga,95,BW,overcast clouds,69,-18.5278,25.627,70.41,0.0,0.0,5.75
368,san vicente,37,AR,scattered clouds,43,-26.6167,-54.1333,71.22,0.0,0.0,1.34
369,baykit,97,RU,overcast clouds,99,61.67,96.37,-16.73,0.0,0.0,0.6
370,slonim,100,BY,overcast clouds,99,53.0867,25.3219,36.19,0.0,0.0,4.79
371,kolvereid,100,NO,overcast clouds,78,64.8655,11.6047,29.89,0.0,0.0,8.5
372,vardo,100,NO,light snow,88,70.3705,31.1107,25.81,0.0,0.0,26.55
373,estelle,75,US,broken clouds,83,29.8458,-90.1067,77.0,0.0,0.0,10.36
374,varhaug,36,NO,scattered clouds,68,58.6147,5.6457,34.9,0.0,0.0,6.82
375,carutapera,36,BR,scattered clouds,90,-1.195,-46.02,77.72,0.0,0.0,6.91
376,cabedelo,74,BR,broken clouds,76,-6.9811,-34.8339,81.27,0.0,0.0,13.65
377,grand gaube,90,MU,overcast clouds,77,-20.0064,57.6608,74.37,0.0,0.0,5.01
378,dawlatabad,70,AF,broken clouds,46,36.4141,64.9053,46.9,0.0,0.0,2.51
379,camacupa,67,AO,broken clouds,96,-12.0167,17.4833,60.57,0.0,0.0,3.87
380,kalaikunda,1,IN,clear sky,71,22.35,87.25,67.17,0.0,0.0,3.65
381,magnolia,84,US,broken clouds,84,33.2671,-93.2393,76.68,0.0,0.0,13.78
382,pizhanka,7,RU,clear sky,98,57.4604,48.542,-5.96,0.0,0.0,4.72
383,svetlaya,100,RU,moderate rain,78,46.5389,138.3297,37.69,1.15,1.15,3.8
384,tigil,100,RU,overcast clouds,95,57.8,158.6667,26.4,0.0,0.0,5.08
385,japura,99,ID,overcast clouds,97,-0.3167,102.35,74.37,0.0,0.0,1.28
386,maldonado,75,UY,broken clouds,80,-34.6667,-54.9167,65.59,0.0,0.0,10.69
387,marsala,40,IT,scattered clouds,71,37.7966,12.4352,55.35,0.0,0.0,18.41
388,cam ranh,20,VN,few clouds,69,11.9214,109.1591,75.16,0.0,0.0,9.22
389,canaries,20,ES,few clouds,72,28.0,-15.5,57.16,0.0,0.0,16.11
390,bella union,100,UY,light rain,45,-30.2752,-57.6007,75.36,0.34,0.34,7.7
391,basco,98,PH,overcast clouds,76,20.4487,121.9702,75.87,0.0,0.0,29.28
392,punta alta,73,AR,broken clouds,66,-38.8759,-62.0736,71.76,0.0,0.0,7.65
393,bure,5,ET,clear sky,25,10.7,37.0667,52.99,0.0,0.0,4.68
394,kinsale,75,IE,broken clouds,87,51.7075,-8.5306,43.97,0.0,0.0,9.22
395,ningxiang,99,CN,overcast clouds,60,37.34,111.2052,31.37,0.0,0.0,5.73
396,praya,20,CV,few clouds,78,14.9215,-23.5087,72.14,0.0,0.0,17.27
397,ingham,90,US,mist,89,42.6,-84.3833,45.3,1.33,1.33,8.05
398,paragominas,91,BR,overcast clouds,94,-2.9667,-47.4833,74.39,0.0,0.0,3.65
399,kutum,0,SD,clear sky,34,14.2,24.6667,61.57,0.0,0.0,7.07
400,wilmington,75,US,broken clouds,91,34.2257,-77.9447,64.92,0.0,0.0,0.0
401,lima,0,PE,clear sky,82,-12.0432,-77.0282,65.14,0.0,0.0,12.66
402,gorin,100,RU,light snow,94,51.1983,136.6669,20.46,0.0,0.0,7.14
403,syntul,10,RU,clear sky,92,55.0033,41.2971,6.82,0.0,0.0,5.57
404,guerrero negro,27,MX,scattered clouds,59,27.9769,-114.0611,62.44,0.0,0.0,17.09
405,vargem grande,84,BR,broken clouds,91,-3.5431,-43.9158,75.87,0.0,0.0,2.86
406,bull savanna,13,JM,few clouds,77,17.8868,-77.5902,75.02,0.0,0.0,7.18
407,kahului,40,US,scattered clouds,58,20.8947,-156.47,81.97,0.0,0.0,24.16
408,haines junction,88,CA,overcast clouds,92,60.7522,-137.5108,12.15,0.0,0.0,2.3
409,wladyslawowo,100,PL,overcast clouds,83,54.7909,18.4009,32.94,0.0,0.0,8.21
410,karratha,24,AU,few clouds,20,-20.7377,116.8463,98.17,0.0,0.0,17.09
411,acapulco,20,MX,few clouds,78,16.8634,-99.8901,82.22,0.0,0.0,8.05
412,atocha,92,BO,overcast clouds,57,-20.9333,-66.2333,55.56,0.0,0.0,5.77
413,krasnoselkup,100,RU,light snow,93,65.7,82.4667,6.17,0.0,0.0,18.63
414,boa vista,75,BR,broken clouds,78,2.8197,-60.6733,80.58,0.1,0.1,5.75
415,mareeba,96,AU,overcast clouds,64,-17.0,145.4333,90.32,0.0,0.0,2.95
416,biltine,53,TD,broken clouds,21,14.5333,20.9167,70.72,0.0,0.0,8.97
417,rock hill,90,US,mist,89,34.9249,-81.0251,53.55,0.0,0.0,0.0
418,myaundzha,70,RU,broken clouds,100,63.0494,147.1858,-39.26,0.0,0.0,1.99
419,salalah,0,OM,clear sky,38,17.0151,54.0924,77.09,0.0,0.0,9.22
420,nador,0,MA,clear sky,72,35.174,-2.9287,61.05,0.0,0.0,21.85
421,maamba,37,ZM,scattered clouds,51,-17.3667,27.15,76.21,0.0,0.0,4.61
422,aksu,0,CN,clear sky,71,41.1231,80.2644,21.51,0.0,0.0,3.69
423,broome,75,US,broken clouds,72,42.2506,-75.833,39.78,0.0,0.0,1.99
424,petropavlovsk-kamchatskiy,0,RU,clear sky,80,53.0452,158.6483,25.39,0.0,0.0,8.95
425,awbari,55,LY,broken clouds,55,26.5921,12.7805,48.49,0.0,0.0,1.5
426,santa isabel do rio negro,96,BR,moderate rain,97,-0.4139,-65.0192,76.19,1.5,1.5,1.83
427,bereda,100,ES,overcast clouds,100,43.2686,-7.5406,51.42,0.0,0.0,4.05
428,narsaq,100,GL,overcast clouds,74,60.9167,-46.05,28.62,0.0,0.0,4.05
429,vila franca do campo,97,PT,overcast clouds,83,37.7167,-25.4333,63.19,0.0,0.0,9.89
430,port-gentil,92,GA,overcast clouds,81,-0.7193,8.7815,80.89,0.0,0.0,10.96
431,puerto escondido,90,MX,overcast clouds,65,15.85,-97.0667,83.23,0.0,0.0,6.91
432,zastron,100,ZA,overcast clouds,70,-30.3023,27.084,60.26,0.0,0.0,11.52
433,husavik,44,IS,scattered clouds,89,66.0449,-17.3389,15.71,0.0,0.0,13.02
434,cazones,1,MX,clear sky,69,20.7167,-97.3167,80.4,0.0,0.0,9.22
435,savelugu,73,GH,broken clouds,16,9.6244,-0.8253,78.71,0.0,0.0,5.55
436,margate,3,GB,clear sky,84,51.3813,1.3862,39.69,0.0,0.0,4.0
437,comodoro rivadavia,90,AR,overcast clouds,88,-45.8667,-67.5,57.06,0.0,0.0,9.22
438,labuhan,96,ID,overcast clouds,81,-6.8844,112.2051,79.99,0.0,0.0,7.45
439,mandalgovi,43,MN,scattered clouds,41,45.7625,106.2708,9.23,0.0,0.0,11.07
440,ilo,48,PE,scattered clouds,76,-17.6394,-71.3375,66.04,0.0,0.0,4.52
441,nouadhibou,90,MR,overcast clouds,82,20.931,-17.0347,62.58,0.0,0.0,18.41
442,quatre cocos,87,MU,overcast clouds,73,-20.2078,57.7625,74.08,0.0,0.0,8.93
443,tarauaca,98,BR,overcast clouds,99,-8.1614,-70.7656,74.3,0.0,0.0,1.54
444,pangkalanbuun,99,ID,overcast clouds,91,-2.6833,111.6167,76.23,0.0,0.0,2.48
445,mehamn,100,NO,overcast clouds,85,71.0357,27.8492,23.04,0.0,0.0,10.13
446,kindia,90,GN,overcast clouds,61,10.0569,-12.8658,71.04,0.0,0.0,2.57
447,san cristobal,99,VE,overcast clouds,94,7.7669,-72.225,68.18,0.0,0.0,2.84
448,rota,0,ES,clear sky,88,36.6224,-6.3586,59.13,0.0,0.0,12.66
449,amga,97,RU,overcast clouds,100,60.8953,131.9608,-15.25,0.0,0.0,2.35
450,hualmay,100,PE,overcast clouds,85,-11.0964,-77.6139,68.0,0.0,0.0,9.93
451,kasongo-lunda,94,CD,light rain,97,-6.4667,16.8167,69.85,0.19,0.19,0.81
452,chiredzi,33,ZW,scattered clouds,46,-21.05,31.6667,73.47,0.0,0.0,4.52
453,rio claro,0,BR,clear sky,49,-22.4114,-47.5614,69.62,0.0,0.0,1.9
454,barcelos,26,PT,scattered clouds,92,41.5388,-8.6151,51.91,0.0,0.0,4.14
455,lakes entrance,55,AU,broken clouds,62,-37.8811,147.981,65.16,0.0,0.0,10.42
456,puerto cabezas,12,NI,few clouds,85,14.0351,-83.3888,76.42,0.0,0.0,9.26
457,nabire,72,ID,broken clouds,64,-3.3667,135.4833,85.84,0.0,0.0,0.76
458,zenzeli,24,RU,few clouds,79,45.9241,47.0474,35.01,0.0,0.0,9.01
459,san quintin,8,MX,clear sky,60,30.4833,-115.95,59.38,0.0,0.0,13.09
460,chokurdakh,75,RU,broken clouds,100,70.6333,147.9167,-47.76,0.0,0.0,3.74
461,san patricio,26,US,scattered clouds,80,28.017,-97.5169,82.38,0.0,0.0,15.19
462,bambanglipuro,94,ID,overcast clouds,81,-7.95,110.2833,79.88,0.0,0.0,3.6
463,scarborough,2,GB,clear sky,88,54.2797,-0.4044,36.91,0.0,0.0,4.0
464,sao jose de ribamar,42,BR,scattered clouds,79,-2.5619,-44.0542,82.78,0.0,0.0,13.0
465,dukat,46,RU,scattered clouds,77,62.55,155.55,-21.53,0.0,0.0,3.65
466,bafra,88,TR,overcast clouds,51,41.5678,35.9069,59.83,0.0,0.0,10.2
467,bud,100,US,overcast clouds,98,39.447,-86.1758,58.89,0.0,0.0,12.86
468,dong xoai,95,VN,overcast clouds,81,11.5333,106.9167,67.95,0.0,0.0,3.8
469,chipiona,0,ES,clear sky,88,36.7366,-6.437,59.22,0.0,0.0,12.66
470,tukrah,19,LY,few clouds,64,32.5341,20.5791,57.69,0.0,0.0,10.69
471,kuopio,90,FI,overcast clouds,93,62.8924,27.677,22.95,0.0,0.0,10.36
472,ossora,100,RU,overcast clouds,93,59.2353,163.0719,4.77,0.0,0.0,5.82
473,constantine,75,DZ,broken clouds,71,36.365,6.6147,53.01,0.0,0.0,13.8
474,pitimbu,48,BR,scattered clouds,76,-7.4706,-34.8086,81.19,0.0,0.0,12.86
475,maniitsoq,79,GL,broken clouds,61,65.4167,-52.9,22.44,0.0,0.0,1.99
476,houma,38,US,scattered clouds,95,29.5958,-90.7195,77.0,0.0,0.0,5.01
477,talavera de la reina,23,ES,few clouds,89,39.9635,-4.8308,45.54,0.0,0.0,4.27
478,emborion,69,GR,broken clouds,91,40.4833,21.55,38.84,0.0,0.0,4.5
479,panormos,75,GR,broken clouds,70,35.4182,24.6909,58.86,0.0,0.0,7.36
480,coruripe,33,BR,scattered clouds,83,-10.1256,-36.1756,79.0,0.0,0.0,15.01
481,dzilam gonzalez,6,MX,clear sky,49,21.2833,-88.9333,81.73,0.0,0.0,8.01
482,nevsehir,0,TR,clear sky,81,38.9167,34.6667,34.81,0.0,0.0,4.61
483,zaysan,11,KZ,few clouds,89,47.4667,84.8667,-2.97,0.0,0.0,2.53
484,nizwa,58,OM,broken clouds,58,22.9333,57.5333,59.74,0.0,0.0,1.12
485,kamenka,57,RU,broken clouds,80,51.3223,42.7678,29.75,0.0,0.0,7.23
486,dambulla,39,LK,scattered clouds,96,7.86,80.6517,71.51,0.0,0.0,3.42
487,sola,73,VU,broken clouds,75,-13.8833,167.55,82.99,0.0,0.0,8.55
488,palu,98,ID,overcast clouds,81,-0.8917,119.8707,81.23,0.0,0.0,2.17
489,kathu,77,TH,broken clouds,81,7.9178,98.3332,75.02,0.0,0.0,9.75
490,saldanha,5,ZA,clear sky,89,-33.0117,17.9442,62.65,0.0,0.0,4.88
491,severo-yeniseyskiy,100,RU,light snow,96,60.3725,93.0408,-0.49,0.0,0.0,5.41
492,la ronge,90,CA,light snow,92,55.1001,-105.2842,12.45,0.0,0.0,2.3
493,raga,27,SS,scattered clouds,30,8.4596,25.678,73.36,0.0,0.0,4.07
494,russellville,20,US,few clouds,74,35.2784,-93.1338,74.14,0.0,0.0,3.44
495,jiangyou,99,CN,overcast clouds,88,31.7667,104.7167,47.91,0.0,0.0,0.74
496,mikhaylovka,92,RU,overcast clouds,89,50.06,43.2379,32.79,0.0,0.0,7.38
497,phalaborwa,52,ZA,broken clouds,66,-23.943,31.1411,72.68,0.0,0.0,6.17
498,biak,100,ID,overcast clouds,72,-0.9131,122.8766,81.23,0.0,0.0,1.28
499,bilma,75,NE,broken clouds,13,18.6853,12.9164,61.36,0.0,0.0,9.17
500,marsa matruh,0,EG,clear sky,75,31.3525,27.2453,59.9,0.0,0.0,5.75
501,dzhebariki-khaya,100,RU,overcast clouds,99,62.2167,135.8,-9.15,0.0,0.0,1.63
502,asfi,1,MA,clear sky,81,32.2994,-9.2372,57.52,0.0,0.0,17.38
503,diego de almagro,0,CL,clear sky,49,-26.3667,-70.05,62.47,0.0,0.0,5.93
504,kirakira,100,SB,moderate rain,78,-10.4544,161.9205,83.97,2.37,2.37,6.76
505,nioro,98,GM,overcast clouds,43,13.35,-15.75,75.42,0.0,0.0,6.53
506,kungurtug,100,RU,overcast clouds,98,50.5994,97.5228,-3.86,0.0,0.0,1.21
507,zaraza,98,VE,overcast clouds,75,9.3503,-65.3245,76.84,0.0,0.0,10.11
508,alcazar de san juan,20,ES,few clouds,94,39.3901,-3.2083,47.59,0.0,0.0,8.43
509,bone,24,DE,few clouds,96,51.9669,12.1396,32.83,0.0,0.0,1.16
510,dolores,86,AR,overcast clouds,73,-36.3132,-57.6792,64.62,0.0,0.0,8.99
511,klaksvik,30,FO,scattered clouds,79,62.2266,-6.589,43.72,0.0,0.0,18.07
512,constitucion,77,CL,broken clouds,95,-35.3333,-72.4167,57.87,0.0,0.0,6.11
513,muros,64,ES,broken clouds,95,42.7762,-9.0603,55.99,0.0,0.0,3.36
514,vamospercs,100,HU,overcast clouds,97,47.5333,21.9,39.25,0.0,0.0,1.92
515,aasiaat,93,GL,overcast clouds,90,68.7098,-52.8699,3.92,0.0,0.0,8.72
516,shakawe,100,BW,overcast clouds,80,-18.3667,21.85,70.45,0.0,0.0,2.42
517,srednekolymsk,64,RU,broken clouds,100,67.45,153.6833,-49.49,0.0,0.0,3.06
518,tiarei,70,PF,broken clouds,68,-17.5333,-149.3333,87.82,0.0,0.0,11.14
519,te anau,98,NZ,overcast clouds,66,-45.4167,167.7167,59.02,0.0,0.0,4.18
520,uvira,63,CD,broken clouds,83,-3.4067,29.1458,72.36,0.0,0.0,5.3
521,moose factory,1,CA,clear sky,86,51.2585,-80.6094,19.4,0.0,0.0,5.75
522,antofagasta,10,CL,clear sky,79,-23.65,-70.4,63.68,0.0,0.0,3.65
523,whitehorse,75,CA,broken clouds,86,60.7161,-135.0538,20.17,0.0,0.0,2.3
524,muswellbrook,25,AU,scattered clouds,56,-32.2667,150.9,67.66,0.0,0.0,5.68
525,chiguayante,90,CL,overcast clouds,88,-36.9167,-73.0167,52.32,0.0,0.0,5.75
526,poum,99,NC,overcast clouds,76,-20.2333,164.0167,82.45,0.0,0.0,15.86
527,lata,51,PT,broken clouds,98,40.1629,-8.3327,54.91,0.0,0.0,1.5
528,fort nelson,75,CA,broken clouds,85,58.8053,-122.7002,2.79,0.0,0.0,3.44
529,tarakan,75,ID,broken clouds,89,3.3,117.6333,80.1,0.0,0.0,5.75
530,uberaba,0,BR,clear sky,50,-19.7483,-47.9319,77.58,0.0,0.0,3.44
531,balkhash,10,KZ,clear sky,42,46.844,74.9804,18.68,0.0,0.0,13.09
532,keti bandar,0,PK,clear sky,30,24.1447,67.4497,65.25,0.0,0.0,11.34
533,luwuk,100,ID,overcast clouds,73,-0.9516,122.7875,83.25,0.0,0.0,1.86
534,oranjemund,0,NA,clear sky,93,-28.55,16.4333,60.91,0.0,0.0,4.79
535,cidreira,68,BR,broken clouds,73,-30.1811,-50.2056,66.11,0.0,0.0,7.25
536,araguaina,100,BR,overcast clouds,92,-7.1911,-48.2072,74.64,0.0,0.0,1.72
537,viedma,14,AR,few clouds,66,-40.8135,-62.9967,70.05,0.0,0.0,15.05
538,laguna,1,US,clear sky,50,38.421,-121.4238,57.29,0.0,0.0,1.01
539,verkhoyansk,98,RU,overcast clouds,98,67.5447,133.385,-38.22,0.0,0.0,1.68
540,barra do garcas,100,BR,overcast clouds,66,-15.89,-52.2567,79.03,0.0,0.0,2.73
541,gravdal,80,NO,broken clouds,69,68.1214,13.5031,33.8,0.0,0.0,8.01
542,kavieng,99,PG,overcast clouds,76,-2.5744,150.7967,81.86,0.0,0.0,6.64
543,coquimbo,90,CL,overcast clouds,72,-29.9533,-71.3436,62.33,0.0,0.0,3.44
544,ordynskoye,98,RU,overcast clouds,86,54.3656,81.8994,12.7,0.0,0.0,8.55
545,katsuura,0,JP,clear sky,67,35.1333,140.3,54.19,0.0,0.0,3.85
546,petrokamenskoye,6,RU,clear sky,90,57.716,60.6484,8.85,0.0,0.0,3.94
547,taltal,7,CL,clear sky,78,-25.4,-70.4833,61.86,0.0,0.0,3.4
548,vazante,61,BR,broken clouds,67,-17.9869,-46.9078,73.4,0.0,0.0,1.01
549,kofele,36,ET,scattered clouds,36,7.0667,38.7833,42.85,0.0,0.0,8.5
550,pitkyaranta,33,RU,scattered clouds,82,61.5734,31.4792,17.13,0.0,0.0,13.82
551,maraa,99,BR,heavy intensity rain,98,-1.8333,-65.3667,75.15,4.21,4.21,1.36
552,bangangte,47,CM,scattered clouds,44,5.1409,10.5198,64.11,0.0,0.0,2.82
553,shinshiro,2,JP,clear sky,60,34.9,137.5,52.45,0.0,0.0,6.02
554,havoysund,100,NO,overcast clouds,81,70.9963,24.6622,29.28,0.0,0.0,11.95
555,vysokogornyy,100,RU,light snow,95,50.1167,139.15,25.75,0.0,0.0,1.36
556,muncar,47,ID,scattered clouds,81,-8.4333,114.3333,80.13,0.0,0.0,4.05
557,jardim do serido,85,BR,overcast clouds,62,-6.5844,-36.7744,81.21,0.0,0.0,18.39
558,nishihara,20,JP,few clouds,65,26.1842,127.7558,69.08,0.0,0.0,8.05
559,oktyabrskoye,0,RU,clear sky,100,43.0645,44.7417,28.54,0.0,0.0,8.95
560,santa lucia,20,ES,few clouds,72,27.9117,-15.5407,56.52,0.0,0.0,16.11
561,ustrzyki dolne,96,PL,overcast clouds,100,49.4304,22.5938,35.46,0.0,0.0,2.35
562,xichang,28,CN,scattered clouds,83,27.8964,102.2634,47.35,0.0,0.0,1.63
563,katherine,96,AU,overcast clouds,58,-14.4667,132.2667,86.32,0.0,0.0,5.75
564,manali,4,IN,clear sky,89,13.1667,80.2667,79.07,0.0,0.0,7.67
565,kemi,90,FI,light snow,93,65.8596,24.8228,22.77,0.0,0.0,5.75
566,ambilobe,99,MG,overcast clouds,79,-13.2,49.05,72.7,0.0,0.0,4.74
567,khorixas,93,NA,overcast clouds,39,-20.3667,14.9667,75.11,0.0,0.0,4.34
568,okato,100,NZ,overcast clouds,75,-39.2,173.8833,72.43,0.0,0.0,12.88
569,sao joao batista,40,BR,scattered clouds,92,-27.2761,-48.8494,71.42,0.0,0.0,0.67
570,puri,0,IN,clear sky,78,19.8,85.85,70.32,0.0,0.0,7.49
571,ranong,45,TH,scattered clouds,88,9.9658,98.6348,73.33,0.0,0.0,5.44
572,xining,100,CN,overcast clouds,88,36.6167,101.7667,24.03,0.0,0.0,2.08
573,mackay,2,AU,clear sky,79,-21.15,149.2,91.69,0.0,0.0,9.22
574,victor harbor,13,AU,few clouds,52,-35.5667,138.6167,75.2,0.0,0.0,8.41
575,qingdao,40,CN,fog,93,36.0986,120.3719,38.8,0.0,0.0,6.71
576,itaituba,88,BR,overcast clouds,90,-4.2761,-55.9836,77.32,0.0,0.0,2.13
577,rawson,24,AR,few clouds,53,-43.3002,-65.1023,70.05,0.0,0.0,21.32
578,liusha,100,CN,overcast clouds,91,27.2098,108.59,46.87,0.0,0.0,3.06
579,sindor,37,RU,scattered clouds,95,62.8629,51.8905,5.22,0.0,0.0,6.6
580,gigmoto,100,PH,overcast clouds,90,13.7796,124.39,79.2,0.0,0.0,17.07
581,kachkanar,5,RU,clear sky,94,58.7,59.4948,-0.18,0.0,0.0,5.03
582,disna,100,BY,overcast clouds,95,55.568,28.1971,36.14,0.0,0.0,18.05
583,roma,1,US,clear sky,82,43.2128,-75.4557,38.88,0.0,0.0,6.91
584,batemans bay,65,AU,broken clouds,62,-35.7167,150.1833,67.19,0.0,0.0,15.14
585,iglesias,100,IT,light rain,71,39.3114,8.535,51.53,0.12,0.12,24.05
586,longyearbyen,99,SJ,light snow,93,78.2186,15.6401,27.86,0.0,0.0,11.1
587,teguldet,100,RU,overcast clouds,90,57.3064,88.1667,12.13,0.0,0.0,11.01
588,acarau,16,BR,few clouds,78,-2.8856,-40.12,80.85,0.0,0.0,13.73
589,mazabuka,10,ZM,clear sky,43,-15.856,27.748,70.88,0.0,0.0,4.76
590,cayeli,4,TR,clear sky,48,41.0923,40.7292,57.94,0.0,0.0,6.78
591,mitsamiouli,11,KM,few clouds,79,-11.3847,43.2844,79.47,0.0,0.0,11.3
592,posse,97,BR,overcast clouds,89,-14.0931,-46.3694,70.29,0.0,0.0,3.36
593,buta,79,CD,broken clouds,63,2.7858,24.73,71.29,0.0,0.0,1.5
594,san rafael,0,AR,clear sky,50,-34.6177,-68.3301,75.47,0.0,0.0,8.68
595,halifax,99,CA,overcast clouds,83,44.6453,-63.5724,37.45,0.0,0.0,13.8
596,tambilil,84,PH,broken clouds,77,5.9622,124.6697,83.62,0.0,0.0,1.3
597,grindavik,90,IS,light rain,81,63.8424,-22.4338,37.87,0.56,0.56,31.07
598,mount gambier,40,AU,scattered clouds,52,-37.8333,140.7667,64.31,0.0,0.0,9.22
599,kapuskasing,40,CA,scattered clouds,93,49.4169,-82.4331,21.29,0.0,0.0,9.22
600,huanren,97,CN,overcast clouds,91,41.2647,125.3667,21.9,0.0,0.0,0.83
601,vila velha,40,BR,scattered clouds,88,-20.3297,-40.2925,75.15,0.0,0.0,7.0
602,kenai,90,US,mist,89,60.5544,-151.2583,27.03,0.0,0.0,5.75
603,iranshahr,0,IR,clear sky,22,27.2025,60.6848,52.14,0.0,0.0,6.91
604,jutai,100,BR,overcast clouds,99,-5.1833,-68.9,72.63,0.0,0.0,1.01
605,nicoya,30,CR,scattered clouds,75,10.1483,-85.452,80.15,0.0,0.0,7.36
606,tomohon,91,ID,overcast clouds,72,1.3346,124.8392,76.14,0.0,0.0,3.11
607,alice springs,0,AU,clear sky,14,-23.7,133.8833,80.15,0.0,0.0,9.22
608,puurmani,100,EE,overcast clouds,93,58.5738,26.2878,28.62,0.0,0.0,12.17
609,kuvshinovo,90,RU,overcast clouds,86,57.0295,34.1725,10.99,0.0,0.0,10.22
610,sabzevar,0,IR,clear sky,49,36.2126,57.6819,45.45,0.0,0.0,5.93
611,porto empedocle,100,IT,overcast clouds,82,37.2934,13.5264,49.71,0.0,0.0,20.78
612,ekibastuz,67,KZ,broken clouds,66,51.6667,75.3667,15.58,0.0,0.0,6.42
613,bellefontaine,90,US,mist,98,40.3612,-83.7597,53.53,1.0,1.0,5.99
614,paullo,75,IT,broken clouds,93,45.4187,9.3977,39.4,0.0,0.0,1.99
615,necochea,94,AR,overcast clouds,86,-38.5473,-58.7368,65.03,0.0,0.0,13.4
616,keuruu,100,FI,overcast clouds,94,62.2667,24.7,20.55,0.0,0.0,9.53
617,marsabit,31,KE,scattered clouds,70,2.3284,37.9899,64.47,0.0,0.0,8.05
618,tevriz,100,RU,overcast clouds,89,57.509,72.4042,16.95,0.0,0.0,7.25
619,alekseyevsk,100,RU,overcast clouds,94,57.8406,108.3492,2.77,0.0,0.0,7.96
620,candido de abreu,32,BR,scattered clouds,63,-24.5669,-51.3333,67.21,0.0,0.0,0.29
621,allapalli,74,IN,broken clouds,66,19.4167,80.0667,68.54,0.0,0.0,2.53
622,chapleau,100,CA,overcast clouds,97,47.8405,-83.4034,17.87,0.0,0.0,2.42
623,hailun,100,CN,overcast clouds,93,47.45,126.9333,10.33,0.0,0.0,4.21
624,bonoua,12,CI,few clouds,82,5.2741,-3.595,83.82,0.0,0.0,4.7
625,shishou,99,CN,overcast clouds,79,29.7226,112.419,50.67,0.0,0.0,13.76
626,liwale,19,TZ,few clouds,98,-9.7667,37.9333,68.07,0.0,0.0,3.58
627,nisia floresta,28,BR,scattered clouds,78,-6.0911,-35.2086,81.41,0.0,0.0,12.84
628,mount pleasant,90,US,overcast clouds,91,32.7941,-79.8626,60.1,0.0,0.0,0.0
629,leh,0,IN,clear sky,58,34.1667,77.5833,2.01,0.0,0.0,4.74
630,jos,60,NG,broken clouds,28,9.9167,8.9,62.04,0.0,0.0,5.46
631,visby,90,SE,overcast clouds,100,57.6409,18.296,35.82,0.0,0.0,5.75
632,wasilla,90,US,overcast clouds,85,61.5814,-149.4394,22.95,0.0,0.0,3.44
633,cockburn town,40,TC,scattered clouds,69,21.4612,-71.1419,80.56,0.0,0.0,11.5
634,asosa,0,ET,clear sky,31,10.0667,34.5333,65.25,0.0,0.0,4.72
635,valdivia,12,CL,few clouds,85,-39.8142,-73.2459,60.89,0.0,0.0,5.46
636,luganville,71,VU,broken clouds,69,-15.5333,167.1667,86.7,0.0,0.0,7.63
637,virtsu,100,EE,snow,92,58.5716,23.5115,33.94,0.0,0.0,16.37
638,port macquarie,0,AU,clear sky,55,-31.4333,152.9167,75.88,0.0,0.0,12.75
639,lucapa,97,AO,light rain,95,-8.4192,20.7447,65.91,0.34,0.34,0.6
640,alghero,75,IT,broken clouds,58,40.5589,8.3181,51.89,0.0,0.0,17.27
641,pandan,100,PH,overcast clouds,89,14.0453,124.1694,79.0,0.0,0.0,20.85
642,kulhudhuffushi,11,MV,few clouds,74,6.6221,73.07,82.08,0.0,0.0,8.84
643,saint-francois,90,FR,overcast clouds,90,46.4154,3.9054,39.47,0.0,0.0,8.05
644,port moresby,40,PG,scattered clouds,70,-9.4431,147.1797,87.22,0.0,0.0,17.27
645,salinopolis,39,BR,scattered clouds,85,-0.6136,-47.3561,79.95,0.0,0.0,11.21
646,boromo,73,BF,broken clouds,13,11.75,-2.9333,72.5,0.0,0.0,6.31
647,urusha,100,RU,overcast clouds,98,54.05,122.9,1.83,0.0,0.0,1.25
648,qeshm,10,IR,clear sky,55,26.9581,56.2719,60.69,0.0,0.0,1.54
649,acajutla,7,SV,clear sky,73,13.5928,-89.8275,89.94,0.0,0.0,6.82
650,sinnamary,100,GF,overcast clouds,91,5.3833,-52.95,77.85,0.0,0.0,8.72
651,davila,36,PH,scattered clouds,76,18.4726,120.5763,77.23,0.0,0.0,19.89
652,luyang,100,CN,overcast clouds,81,27.6239,110.0989,51.4,0.0,0.0,3.27
653,hobbs,1,US,clear sky,36,32.7026,-103.136,62.02,0.0,0.0,10.0
654,morro bay,0,US,clear sky,58,35.3658,-120.8499,63.05,0.0,0.0,3.0
655,binga,52,ZW,broken clouds,54,-17.6203,27.3414,78.26,0.0,0.0,7.16
656,horta,4,PT,clear sky,78,38.5333,-28.6333,62.94,0.0,0.0,13.56
657,jiaonan,100,CN,overcast clouds,71,35.8786,119.9753,39.22,0.0,0.0,6.76
658,puerto quijarro,98,BO,overcast clouds,45,-17.7833,-57.7667,85.69,0.0,0.0,1.86
659,urdoma,73,RU,broken clouds,100,61.7533,48.5442,-10.43,0.0,0.0,3.49
660,bakel,38,SN,scattered clouds,15,14.905,-12.4568,78.71,0.0,0.0,9.42
661,bacolod,99,PH,overcast clouds,83,10.6667,122.95,80.91,0.0,0.0,11.86
662,buchanan,48,LR,light rain,84,5.8808,-10.0467,80.56,0.37,0.37,7.7
663,asahikawa,75,JP,broken clouds,93,43.7678,142.3703,31.21,0.0,0.0,3.44
664,hurghada,100,EG,overcast clouds,47,27.2574,33.8129,67.51,0.0,0.0,5.82
665,berea,90,US,overcast clouds,75,41.3662,-81.8543,56.89,0.0,0.0,1.99
666,santa engracia,89,ES,overcast clouds,79,41.9406,-1.3245,51.39,0.0,0.0,27.11
667,bhatapara,28,IN,scattered clouds,59,21.7333,81.9333,66.74,0.0,0.0,4.83
668,zamania,0,IN,clear sky,53,25.4333,83.5667,55.62,0.0,0.0,6.42
669,cozumel,75,MX,broken clouds,91,20.5083,-86.9458,80.58,0.0,0.0,5.01
670,kendal,36,GB,scattered clouds,95,54.3268,-2.7476,39.6,0.0,0.0,2.19
671,petropolis,75,RU,broken clouds,81,59.8944,30.2642,19.54,0.0,0.0,1.01
672,lasa,100,IT,overcast clouds,93,46.6166,10.7002,29.28,0.0,0.0,6.17
673,veraval,0,IN,clear sky,52,20.9,70.3667,72.59,0.0,0.0,12.59
674,cooma,90,AU,overcast clouds,87,-36.2333,149.1333,53.37,0.0,0.0,16.11
675,stornoway,75,GB,broken clouds,92,58.2093,-6.3865,38.93,0.0,0.0,1.99
676,zyryanka,25,RU,scattered clouds,95,65.75,150.85,-46.1,0.0,0.0,6.04
677,thinadhoo,100,MV,overcast clouds,77,0.5333,72.9333,80.42,0.0,0.0,3.27
678,shawnee,1,US,clear sky,62,39.05,-95.7669,55.08,0.0,0.0,5.99
679,sibolga,97,ID,overcast clouds,85,1.7427,98.7792,76.53,0.0,0.0,2.62
680,baghdad,0,IQ,clear sky,66,33.3406,44.4009,48.11,0.0,0.0,6.91
681,leca da palmeira,20,PT,fog,98,41.191,-8.7003,52.18,0.0,0.0,0.0
682,ambunti,100,PG,overcast clouds,68,-4.2365,142.8448,85.66,0.0,0.0,2.33
683,arman,36,RU,scattered clouds,92,59.7,150.1667,-0.27,0.0,0.0,6.4
684,ouadda,19,CF,few clouds,26,8.0777,22.4007,72.93,0.0,0.0,6.38
685,khani,1,GE,clear sky,60,41.9563,42.9566,44.17,0.0,0.0,8.28
686,slave lake,75,CA,broken clouds,86,55.2834,-114.769,15.78,0.0,0.0,3.44
687,port hardy,90,CA,heavy intensity rain,100,50.6996,-127.4199,46.76,4.09,4.09,17.27
688,maningrida,98,AU,overcast clouds,69,-12.0667,134.2667,81.5,0.0,0.0,6.2
689,ust-tsilma,94,RU,overcast clouds,93,65.441,52.1498,13.3,0.0,0.0,7.81
690,inongo,98,CD,light rain,92,-1.95,18.2667,72.16,0.53,0.53,3.62
691,vieste,100,IT,overcast clouds,83,41.8825,16.175,51.31,0.0,0.0,20.65
692,zabol,21,AF,few clouds,28,32.25,67.25,35.49,0.0,0.0,4.94
693,aranos,97,NA,overcast clouds,47,-24.1333,19.1167,75.0,0.0,0.0,7.61
694,new bedford,75,US,broken clouds,91,41.6362,-70.9342,45.93,0.0,0.0,1.01
695,mering,90,DE,overcast clouds,87,48.2656,10.9846,36.93,0.0,0.0,14.97
696,sokoni,6,TZ,light rain,77,-6.4333,39.55,80.58,0.29,0.29,8.34
697,kamphaeng phet,0,TH,clear sky,76,16.25,99.5,69.42,0.0,0.0,2.46
698,rio verde de mato grosso,91,BR,overcast clouds,47,-18.9181,-54.8442,79.43,0.0,0.0,6.78
699,rumford,100,US,overcast clouds,86,44.5537,-70.5509,27.95,0.0,0.0,1.25
700,sept-iles,90,CA,light snow,91,50.2001,-66.3821,16.05,0.0,0.0,5.75
701,jucas,15,BR,few clouds,58,-6.5253,-39.5275,81.21,0.0,0.0,1.12
702,charters towers,2,AU,clear sky,33,-20.1,146.2667,88.09,0.0,0.0,1.92
